﻿{
    "updateId":  {
                     "provider":  "Contoso",
                     "name":  "Virtual-Vacuum",
                     "version":  "3.3"
                 },
    "isDeployable":  true,
    "compatibility":  [
                          {
                              "deviceModel":  "virtual-vacuum-v1",
                              "deviceManufacturer":  "contoso"
                          }
                      ],
    "instructions":  {
                         "steps":  [
                                       {
                                           "type":  "reference",
                                           "description":  "Cameras Firmware Update",
                                           "updateId":  {
                                                            "provider":  "contoso",
                                                            "name":  "Virtual-Vacuum-virtual-camera",
                                                            "version":  "1.4"
                                                        }
                                       }
                                   ]
                     },
    "createdDateTime":  "2021-12-02T17:30:57.2067446Z",
    "manifestVersion":  "4.0"
}
